class,name,formula,rt
CAR,CAR 10:0,C17H33N1O4,4.84
CAR,CAR 10:1,C17H31N1O4,4.84
CAR,CAR 10:2,C17H29N1O4,4.9
CAR,CAR 12:0,C19H37N1O4,4.83
CAR,CAR 12:1,C19H35N1O4,4.81
CAR,CAR 14:0,C21H41N1O4,4.78
CAR,CAR 14:1,C21H39N1O4,4.78
CAR,CAR 14:2,C21H37N1O4,4.81
CAR,CAR 16:0,C23H45N1O4,4.71
CAR,CAR 16:1,C23H43N1O4,4.76
CAR,CAR 18:0,C25H49N1O4,4.79
CAR,CAR 18:1,C25H47N1O4,4.72
CAR,CAR 18:1OH,C25H47N1O5,5.07
CAR,CAR d3-18:1,C25H44D3N1O4,4.72
CAR,CAR 18:2,C25H45N1O4,4.77
CAR,CAR 18:0OH,C25H49N1O5,5.04
CAR,CAR 2:0,C9H17N1O4,5.33
CAR,CAR d3-2:0,C9H14D3N1O4,5.32
CAR,CAR 20:4,C27H45N1O4,4.84
CAR,CAR 3:0,C10H19N1O4,5.19
CAR,CAR 3DC,C10H17N1O6,5.3
CAR,CAR 4:0,C11H21N1O4,5.59
CAR,CAR 4DC,C11H19N1O6,5.59
CAR,CAR 4OH,C11H21N1O5,5.59
CAR,CAR 5:0,C12H23N1O4,5.07
CAR,CAR 5:1,C12H21N1O4,5.07
CAR,CAR 5DC,C12H21N1O6,5.39
CAR,CAR 5OH,C12H23N1O5,5.39
CAR,CAR 6:0,C13H25N1O4,4.52
CAR,CAR 6:1,C13H23N1O4,4.52
CAR,CAR 8:0,C15H29N1O4,4.89
CAR,CAR 8:1,C15H27N1O4,4.89
CAR,CAR 8:1OH,C15H27N1O5,4.89
CAR,Carnitine,C7H15N1O3,5.81
CAR,Carnitine-d9,C7H6D9N1O3,5.8
CE,CE 12:0,C39H68O2,0.88
CE,CE 14:0,C41H72O2,0.9
CE,CE 14:1,C41H70O2,0.9
CE,CE 15:0,C42H74O2,0.9
CE,CE 15:1,C42H72O2,0.9
CE,CE 16:0,C43H76O2,0.9
CE,CE 16:1,C43H74O2,0.9
CE,CE 16:2,C43H72O2,0.9
CE,CE 17:0,C44H78O2,0.9
CE,CE 17:1,C44H76O2,0.9
CE,CE 18:0,C45H80O2,0.96
CE,CE 18:1,C45H78O2,0.9
CE,CE 18:2,C45H76O2,0.95
CE,CE 18:3,C45H74O2,0.95
CE,CE 19:0,C46H82O2,0.95
CE,CE 20:0,C47H84O2,0.95
CE,CE 20:1,C47H82O2,0.95
CE,CE 20:2,C47H80O2,0.97
CE,CE 20:3,C47H78O2,0.97
CE,CE 20:4,C47H76O2,1.07
CE,CE 20:5,C47H74O2,1.14
CE,CE 22:0,C49H88O2,1
CE,CE 22:1,C49H86O2,1
CE,CE 22:2,C49H84O2,1
CE,CE 22:4,C49H80O2,1
CE,CE 22:5,C49H78O2,1
CE,CE 22:6,C49H76O2,1.28
CE,CE 24:1,C51H90O2,1.28
Cer,Cer 34:0;O3,C34H69N1O4,3.42
Cer,Cer 34:0;O2,C34H69N1O3,3.21
Cer,Cer 36:0;O2,C36H73N1O3,3.22
Cer,Cer 37:0;O2,C37H75N1O3,3.22
Cer,Cer 38:0;O2,C38H77N1O3,3.22
Cer,Cer 40:0;O2,C40H81N1O3,3.23
Cer,Cer 41:0;O2,C41H83N1O3,3.23
Cer,Cer 42:0;O2,C42H85N1O3,3.23
Cer,Cer 44:0;O2,C44H89N1O3,3.23
Cer,Cer 30:1;O2,C30H59N1O3,3.26
Cer,Cer 32:1;O2,C32H63N1O3,3.31
Cer,Cer 33:1;O2,C33H65N1O3,3.27
Cer,Cer 34:1;O3,C34H67N1O4,3.58
Cer,Cer 34:1;O2,C34H67N1O3,3.27
Cer,Cer 34:2;O2,C34H65N1O3,3.29
Cer,Cer 36:1;O2,C36H71N1O3,3.28
Cer,Cer 36:2;O2,C36H69N1O3,3.28
Cer,Cer 37:1;O2,C37H73N1O3,3.27
Cer,Cer 38:1;O2,C38H75N1O3,3.28
Cer,Cer 38:2;O2,C38H73N1O3,3.3
Cer,Cer 39:1;O2,C39H77N103,3.28
Cer,Cer 39:2;O2,C39H75N103,3.29
Cer,Cer 40:1;O2,C40H79N1O3,3.28
Cer,Cer 40:2;O2,C40H77N1O3,3.31
Cer,Cer 41:1;O2,C41H81N1O3,3.28
Cer,Cer 41:2;O2,C41H79N1O3,3.31
Cer,Cer 42:1;O3,C42H83N1O4,3.31
Cer,Cer 42:1;O2,C42H83N1O3,3.29
Cer,Cer 42:2;O2,C42H81N1O3,3.31
Cer,Cer 43:1;O2,C43H85N1O3,3.29
Cer,Cer 43:2;O2,C43H83N1O3,3.31
Cer,Cer 44:1;O2,C44H87N1O3,3.29
Cer,Cer 44:2;O2,C44H85N1O3,3.31
Cer,Cer 40:3;O2,C40H75N1O3,3.35
Cer,Cer 41:3;O2,C41H77N1O3,3.35
Cer,Cer 42:3;O2,C42H79N1O3,3.35
Cholesterol,Cholesterol,C27H46O1,2.64
FA,FA 12:0,C12H24O2,2.96
FA,FA 14:0,C14H28O2,2.98
FA,FA 15:0,C15H30O2,2.99
FA,FA 16:0,C16H32O2,3
FA,FA 16:1,C16H30O2,3.03
FA,FA 16:1(OH),C16H30O3,3.31
FA,FA 17:0,C17H34O2,3.01
FA,FA 17:1,C17H32O2,3.03
FA,FA 18:0,C18H36O2,3.02
FA,FA 18:0(OH),C18H36O3,3.74
FA,FA 18:1,C18H34O2,3.04
FA,FA 18:1(OH),C18H34O3,3.29
FA,FA 18:2,C18H32O2,3.08
FA,FA 18:3,C18H30O2,3.1
FA,FA 18:4,C18H28O2,3.15
FA,FA 19:0,C19H38O2,3.03
FA,FA 19:1,C19H36O2,3.04
FA,FA 20:0,C20H40O2,3.03
FA,FA 20:1,C20H38O2,3.06
FA,FA 20:2,C20H36O2,3.08
FA,FA 20:3,C20H34O2,3.1
FA,FA 20:4,C20H32O2,3.17
FA,FA 20:5,C20H30O2,3.2
FA,FA 21:0,C21H42O2,3.04
FA,FA 22:0,C22H44O2,3.05
FA,FA 22:1,C22H42O2,3.07
FA,FA 22:2,C22H40O2,3.1
FA,FA 22:4,C22H36O2,3.14
FA,FA 22:5,C22H34O2,3.17
FA,FA 22:6,C22H32O2,3.32
FA,FA 23:0,C23H46O2,3.05
FA,FA 24:0,C24H48O2,3.06
FA,FA 24:1,C24H46O2,3.08
FA,FA 24:4,C24H40O2,3.14
FA,FA 24:5,C24H38O2,3.17
FA,FA 24:6,C24H36O2,3.21
FA,FA 26:0,C26H52O2,3.07
DHCER,DHCER (d18:1/12:0),C36H69N1O8,5.56
DHCER,DHCER (d18:1/C16:0),C46H87N1O13,5.5
DHCER,DHCER (d18:1/C22:0),C52H99N1O13,5.46
LPC,LPC 11:0,C19H40N1O7P1,4.93
LPC,LPC 12:0,C20H42N1O7P1,4.9
LPC,LPC 13:0,C21H44N1O7P1,4.9
LPC,LPC 14:0,C22H46N1O7P1,4.89
LPC,LPC 15:0,C23H48N1O7P1,4.88
LPC,LPC 16:0,C24H50N1O7P1,4.88
LPC,LPC 16:1,C24H48N1O7P1,4.9
LPC,LPC O-16:1//LPC P-16:0,C24H50N1O6P1,4.6
LPC,LPC O-16:2//LPC P-16:1,C24H48N1O6P1,4.87
LPC,LPC 17:0,C25H52N1O7P1,4.86
LPC,LPC 17:1,C25H50N1O7P1,4.89
LPC,LPC 18:0,C26H54N1O7P1,4.9
LPC,LPC 18:1,C26H52N1O7P1,4.89
LPC,LPC 18:2,C26H50N1O7P1,4.91
LPC,LPC 18:3,C26H48N1O7P1,4.84
LPC,LPC O-18:2//LPC P-18:1,C26H52N1O6P1,4.62
LPC,LPC O-18:1//LPC P-18:0,C26H54N1O6P1,4.78
LPC,LPC 19:0,C27H56N1O7P1,4.84
LPC,LPC 20:0,C28H58N1O7P1,4.82
LPC,LPC 20:3,C28H52N1O7P1,4.91
LPC,LPC 20:4,C28H50N1O7P1,4.94
LPC,LPC 20:5,C28H48N1O7P1,4.89
LPC,LPC 22:5,C30H52N1O7P1,4.95
LPC,LPC 22:6,C30H50N1O7P1,4.99
LPC,LPC 24:0,C32H66N1O7P1,4.8
LPC,LPC O-16:0,C24H52N1O6P1,4.8
LPC,LPC O-18:0,C26H56N1O6P1,4.6
LPE,LPE 13:0,C18H38N1O7P1,6.17
LPE,LPE 16:0,C21H44N1O7P1,6.1
LPE,LPE 16:1,C21H42N1O7P1,6.17
LPE,LPE 18:0,C23H48N1O7P1,6.07
LPE,LPE 18:1,C23H46N1O7P1,6.1
LPE,LPE 18:2,C23H44N1O7P1,6.17
LPE,LPE 20:4,C25H44N1O7P1,6.22
LPE,LPE 22:1,C27H54N1O7P1,7.22
LPE,LPE 22:6,C27H44N1O7P1,6.27
MHCer,MHCer(d18:1/C12:0),C36H69N1O8,4.58
MHCer,MHCer(d18:1/C16:0),C40H77N1O8,4.55
MHCer,MHCer(d18:1/C20:0),C44H85N1O8,4.53
MHCer,MHCer(d18:1/C22:0),C46H89N1O8,4.52
MHCer,MHCer(d18:1/C22:1),C46H87N1O8,4.56
MHCer,MHCer(d18:1/C24:0),C48H93N1O8,4.51
MHCer,MHCer(d18:1/C24:1),C48H91N1O8,4.53
PC,PC 28:0,C36H72N1O8P1,4.34
PC,PC 30:0,C38H76N1O8P1,4.32
PC,PC 30:1,C38H74N1O8P1,4.34
PC,PC O-30:0,C38H78N1O7P1,4.27
PC,PC 32:0,C40H80N1O8P1,4.32
PC,PC 32:1,C40H78N1O8P1,4.33
PC,PC 32:2,C40H76N1O8P1,4.36
PC,PC 32:3,C40H74N1O8P1,4.38
PC,PC O-32:0,C40H82N1O7P1,4.27
PC,PC O-32:1//PC P-32:0,C40H80N1O7P1,4.28
PC,PC 34:0,C42H84N1O8P1,4.32
PC,PC 34:1,C42H82N1O8P1,4.33
PC,PC 34:2,C42H80N1O8P1,4.35
PC,PC 34:3,C42H78N1O8P1,4.36
PC,PC 34:4,C42H76N1O8P1,4.37
PC,PC O-34:0,C42H86N1O7P1,4.26
PC,PC O-34:1//PC P-34:0,C42H84N1O7P1,4.28
PC,PC O-34:2//PC P-34:1,C42H82N1O7P1,4.3
PC,PC 36:1,C44H86N1O8P1,4.32
PC,PC 36:2,C44H84N1O8P1,4.34
PC,PC 36:3,C44H82N1O8P1,4.36
PC,PC 36:4,C44H80N1O8P1,4.36
PC,PC 36:5,C44H78N1O8P1,4.38
PC,PC 36:6,C44H76N1O8P1,4.4
PC,PC O-36:0,C44H90N1O7P1,4.25
PC,PC O-36:1//PC P-36:0,C44H88N1O7P1,4.27
PC,PC O-36:2//PC P-36:1,C44H86N1O7P1,4.29
PC,PC O-36:3//PC P-36:2,C44H84N1O7P1,4.3
PC,PC O-36:4//PC P-36:3,C44H82N1O7P1,4.3
PC,PC 38:2,C46H88N1O8P1,4.33
PC,PC 38:3,C46H86N1O8P1,4.36
PC,PC 38:4,C46H84N1O8P1,4.36
PC,PC 38:5,C46H82N1O8P1,4.37
PC,PC 38:6,C46H80N1O8P1,4.39
PC,PC 38:7,C46H78N1O8P1,4.41
PC,PC 38:8,C46H76N1O8P1,4.44
PC,PC O-38:0,C46H94N1O7P1,4.26
PC,PC O-38:1//PC P-38:0,C46H92N1O7P1,4.28
PC,PC O-38:2//PC P-38:1,C46H90N1O7P1,4.28
PC,PC O-38:3//PC P-38:2,C46H88N1O7P1,4.29
PC,PC O-38:4//PC P-38:3,C46H86N1O7P1,4.3
PC,PC 40:0,C48H96N1O8P1,4.29
PC,PC 40:1,C48H94N1O8P1,4.31
PC,PC 40:10,C48H76N1O8P1,4.44
PC,PC 40:2,C48H92N1O8P1,4.34
PC,PC 40:3,C48H90N1O8P1,4.35
PC,PC 40:4,C48H88N1O8P1,4.36
PC,PC 40:5,C48H86N1O8P1,4.37
PC,PC 40:6,C48H84N1O8P1,4.38
PC,PC 40:7,C48H82N1O8P1,4.4
PC,PC 40:8,C48H80N1O8P1,4.42
PC,PC O-40:1//PC P-40:0,C48H96N1O7P1,4.27
PC,PC O-40:2//PC P-40:1,C48H94N1O7P1,4.28
PC,PC O-40:3//PC P-40:2,C48H92N1O7P1,4.3
PC,PC O-40:4//PC P-40:3,C48H90N1O7P1,4.3
PC,PC 42:0,C50H100N1O8P1,4.3
PC,PC 42:1,C50H98N1O8P1,4.3
PC,PC 42:10,C50H80N1O8P1,4.44
PC,PC 42:11,C50H78N1O8P1,4.45
PC,PC 42:2,C50H96N1O8P1,4.32
PC,PC 42:3,C50H94N1O8P1,4.35
PC,PC 42:4,C50H92N1O8P1,4.34
PC,PC 42:5,C50H90N1O8P1,4.36
PC,PC 42:6,C50H88N1O8P1,4.37
PC,PC 42:7,C50H86N1O8P1,4.4
PC,PC 42:8,C50H84N1O8P1,4.41
PC,PC 42:9,C50H82N1O8P1,4.43
PC,PC O-42:3//PC P-42:2,C50H96N1O7P1,4.29
PC,PC O-42:4//PC P-42:3,C50H94N1O7P1,4.3
PC,PC O-42:2//PC P-42:1,C50H98N1O7P1,4.28
PC,PC 44:10,C52H84N1O8P1,4.3
PC,PC 44:11,C52H82N1O8P1,4.48
PC,PC 44:12,C52H80N1O8P1,4.48
PC,PC 44:6,C52H92N1O8P1,4.37
PC,PC 44:7,C52H90N1O8P1,4.39
PC,PC 44:8,C52H88N1O8P1,4.42
PC,PC 44:9,C52H86N1O8P1,4.44
PC,PC(13:0/13:0),C34H68N1O8P1,4.35
PE,PE 30:0,C35H70N1O8P1,5.39
PE,PE 32:0,C37H74N1O8P1,5.39
PE,PE 32:1,C37H72N1O8P1,5.41
PE,PE 32:2,C37H70N1O8P1,5.44
PE,PE O-32:0,C37H74N1O7P1,5.36
PE,PE O-32:1//PE P-32:0,C37H72N1O7P1,5.4
PE,PE 34:1,C39H76N1O8P1,5.4
PE,PE 34:2,C39H74N1O8P1,5.42
PE,PE 34:3,C39H72N1O8P1,5.45
PE,PE 34:4,C39H70N1O8P1,5.48
PE,PE O-34:0,C39H78N1O7P1,5.34
PE,PE O-34:1//PE P-34:0,C39H76N1O7P1,5.36
PE,PE O-34:2//PE P-34:1,C39H74N1O7P1,5.4
PE,PE O-34:3//PE P-34:2,C39H74N1O7P1,5.39
PE,PE 36:0,C41H82N1O8P1,5.33
PE,PE 36:1,C41H80N1O8P1,5.39
PE,PE 36:2,C41H78N1O8P1,5.41
PE,PE 36:3,C41H76N1O8P1,5.44
PE,PE 36:4,C41H74N1O8P1,5.45
PE,PE 36:5,C41H72N1O8P1,5.48
PE,PE 36:6,C41H70N1O8P1,5.5
PE,PE O-36:1//PE P-36:0,C41H80N1O7P1,5.39
PE,PE O-36:2//PE P-36:1,C41H78N1O7P1,5.37
PE,PE O-36:3//PE P-36:2,C41H76N1O7P1,5.35
PE,PE O-36:4//PE P-36:3,C41H76N1O7P1,5.41
PE,PE O-36:5//PE P-36:4,C41H72N1O7P1,5.39
PE,PE 38:1,C43H84N1O8P1,5.39
PE,PE 38:2,C43H82N1O8P1,5.38
PE,PE 38:3,C43H80N1O8P1,5.41
PE,PE 38:4,C43H78N1O8P1,5.43
PE,PE 38:5,C43H76N1O8P1,5.47
PE,PE 38:6,C43H74N1O8P1,5.49
PE,PE 38:7,C43H72N1O8P1,5.52
PE,PE 38:8,C43H70N1O8P1,5.57
PE,PE O-38:1//PE P-38:0,C43H84N1O7P1,5.34
PE,PE O-38:2//PE P-38:1,C43H82N1O7P1,5.36
PE,PE O-38:3//PE P-38:2,C43H80N1O7P1,5.39
PE,PE O-38:5//PE P-38:4,C43H78N1O7P1,5.39
PE,PE O-38:6//PE P-38:5,C43H74N1O7P1,5.42
PE,PE 40:1,C45H88N1O8P1,5.37
PE,PE 40:2,C45H86N1O8P1,5.38
PE,PE 40:3,C45H84N1O8P1,5.38
PE,PE 40:4,C45H82N1O8P1,5.41
PE,PE 40:5,C45H80N1O8P1,5.46
PE,PE 40:6,C45H78N1O8P1,5.47
PE,PE 40:7,C45H76N1O8P1,5.49
PE,PE 40:8,C45H74N1O8P1,5.53
PE,PE 40:9,C45H72N1O8P1,5.57
PE,PE O-40:1//PE P-40:0,C45H88N1O7P1,5.34
PE,PE O-40:2//PE P-40:1,C45H86N1O7P1,5.36
PE,PE O-40:5//PE P-40:4,C45H84N1O7P1,5.43
PE,PE O-40:6//PE P-40:5,C45H82N1O7P1,5.43
PE,PE O-40:7//PE P-40:6,C45H80N1O7P1,5.43
PE,PE 42:1,C47H92N1O8P1,5.35
PE,PE 42:2,C47H90N1O8P1,5.37
PE,PE 42:3,C47H88N1O8P1,5.38
PE,PE 42:4,C47H86N1O8P1,5.38
PE,PE 42:5,C47H84N1O8P1,5.45
PE,PE 42:6,C47H82N1O8P1,5.46
PE,PE 42:7,C47H80N1O8P1,5.51
PE,PE 42:8,C47H78N1O8P1,5.53
PE,PE 42:9,C47H76N1O8P1,5.53
PE,PE 42:10,C47H74N1O8P1,5.57
PE,PE 42:11,C47H72N1O8P1,5.63
PE,PE O-42:4//PE P-42:5,C47H86N1O7P1,5.53
PE,PE 44:12,C49H74N1O8P1,5.62
PE,PE 44:3,C49H92N1O8P1,5.38
PE,PE 44:4,C49H90N1O8P1,5.38
PE,PE 44:5,C49H88N1O8P1,5.41
PE,PE(12:0/12:0),C29H58N1O8P1,5.47
PG,PG 24:0,C30H59O10P1,6.76
PG,PG 32:0,C38H74O10P1,6.72
PG,PG 32:1,C38H73O10P1,6.72
PG,PG 34:1,C40H77O10P1,6.72
PG,PG 34:2,C40H75O10P1,6.73
PG,PG 34:3,C40H72O10P1,6.73
PG,PG 35:1,C41H79O10P1,6.72
PG,PG 36:1,C42H81O10P1,6.72
PG,PG 36:2,C42H79O10P1,6.72
PG,PG 36:3,C42H76O10P1,6.72
PG,PG 36:4,C42H75O10P1,6.72
PG,PG 36:5,C42H72O10P1,6.72
PG,PG 38:4,C44H78O10P1,6.72
PG,PG 38:5,C44H76O10P1,6.72
PG,PG 38:6,C44H74O10P1,6.72
PG,PG 40:4,C46H82O10P1,6.72
PG,PG 40:5,C46H80O10P1,6.72
PG,PG 40:6,C46H78O10P1,6.72
PG,PG 40:7,C46H76O10P1,6.72
PG,PG 40:8,C46H74O10P1,6.72
PG,PG 40:9,C46H72O10P1,6.72
PI,PI 32:1 ,C41H77O13P1,7.9
PI,PI 34:0,C43H83O13P1,8.2
PI,PI 34:1 ,C43H81O13P1,7.86
PI,PI 34:2,C43H79O13P1,7.88
PI,PI 34:3,C43H77O13P1,7.92
PI,PI 36:0,C45H87O13P1,7.83
PI,PI 36:1 ,C45H85O13P1,7.83
PI,PI 36:2,C45H83O13P1,7.84
PI,PI 36:3,C45H81O13P1,7.88
PI,PI 36:4,C45H79O13P1,7.91
PI,PI 36:5,C45H77O13P1,7.94
PI,PI 38:2,C47H87O13P1,7.94
PI,PI 38:3,C47H85O13P1,7.94
PI,PI 38:4,C47H83O13P1,7.94
PI,PI 38:5,C47H81O13P1,7.94
PI,PI 38:6,C47H79O13P1,7.93
PI,PI 40:3,C49H89O13P1,7.81
PI,PI 40:4,C49H87O13P1,7.83
PI,PI 40:5,C49H85O13P1,7.86
PI,PI 40:6,C49H83O13P1,7.88
PI,PI(15:0-18:1)d7,C42H72D7O13P1,7.87
PS,PS 24:0,C30H58N1O10P1,8.28
PS,PS 32:1,C38H72N1O10P1,8.28
PS,PS 34:0,C40H78N1O10P1,8.28
PS,PS 34:1,C40H76N1O10P1,8.28
PS,PS 34:2,C40H74N1O10P1,8.28
PS,PS 36:0,C42H82N1O10P1,8.28
PS,PS 36:1,C42H80N1O10P1,8.28
PS,PS 36:2,C42H78N1O10P1,8.28
PS,PS 36:3,C42H76N1O10P1,8.28
PS,PS 36:4,C42H74N1O10P1,8.28
PS,PS 38:1,C44H84N1O10P1,8.28
PS,PS 38:2,C44H82N1O10P1,8.28
PS,PS 38:3,C44H80N1O10P1,8.28
PS,PS 38:4,C44H78N1O10P1,8.05
PS,PS 38:5,C44H76N1O10P1,8.05
PS,PS 38:6,C44H74N1O10P1,8.16
PS,PS 40:3,C46H84N1O10P1,8
PS,PS 40:4,C46H82N1O10P1,8
PS,PS 40:5,C46H80N1O10P1,8.07
PS,PS 40:6,C46H78N1O10P1,8.08
PS,PS 40:7,C46H76N1O10P1,8.08
PS,PS 42:6,C48H82N1O10P1,8.05
SM,SM 30:1 ;O2,C35H75N2O6P1,4.68
SM,SM 34:0 ;O2,C39H81N2O6P1,4.53
SM,SM 36:0 ;O2,C41H85N2O6P1,4.49
SM,SM 40:0 ;O2,C45H93N2O6P1,4.47
SM,SM 42:0 ;O2,C47H95N2O6P1,4.47
SM,SM 32:1 ;O2,C37H75N2O6P1,4.65
SM,SM 33:1 ;O2,C38H77N2O6P1,4.65
SM,SM 34:1 ;O2,C39H79N2O6P1,4.64
SM,SM 34:2 ;O2,C39H77N2O6P1,4.66
SM,SM 35:1 ;O2,C40H81N2O6P1,4.64
SM,SM 36:1 ;O2,C41H83N2O6P1,4.63
SM,SM 36:2 ;O2,C41H81N2O6P1,4.64
SM,SM 37:1 ;O2,C42H85N2O6P1,4.64
SM,SM 38:1 ;O2,C43H87N2O6P1,4.62
SM,SM 38:2 ;O2,C43H85N2O6P1,4.64
SM,SM 39:1 ;O2,C44H89N2O6P1,4.62
SM,SM 39:2 ;O2,C44H87N2O6P1,4.64
SM,SM 40:1 ;O2,C45H91N2O6P1,4.61
SM,SM 40:2 ;O2,C45H89N2O6P1,4.64
SM,SM 41:1 ;O2,C46H93N2O6P1,4.61
SM,SM 41:2 ;O2,C46H91N2O6P1,4.63
SM,SM 42:1 ;O2,C47H95N2O6P1,4.61
SM,SM 42:2 ;O2,C47H93N2O6P1,4.63
SM,SM 43:1 ;O2,C48H97N2O6P1,4.6
SM,SM 43:2 ;O2,C48H95N2O6P1,4.62
SM,SM 44:1 ;O2,C49H99N2O6P1,4.58
SM,SM 44:2 ;O2,C49H97N2O6P1,4.62
TG,TG 36:0,C39H74O6,0.8
TG,TG 42:1,C45H84O6,0.81
TG,TG 44:0,C47H90O6,0.91
TG,TG 44:1,C47H88O6,0.91
TG,TG 46:0,C49H94O6,0.91
TG,TG 46:1,C49H92O6,0.92
TG,TG 46:2,C49H90O6,0.94
TG,TG 46:3,C49H88O6,0.95
TG,TG 47:1,C50H94O6,0.94
TG,TG 47:2,C50H92O6,0.95
TG,TG 48:0,C51H98O6,0.94
TG,TG 48:1,C51H96O6,0.95
TG,TG 48:2,C51H94O6,0.96
TG,TG 48:3,C51H92O6,1
TG,TG 49:1,C52H98O6,0.95
TG,TG 49:2,C52H96O6,0.96
TG,TG 49:6,C52H88O6,0.97
TG,TG 49:7,C52H86O6,1
TG,TG 50:0,C53H102O6,0.97
TG,TG 50:1,C53H100O6,1
TG,TG 50:2,C53H98O6,1.03
TG,TG 50:3,C53H96O6,1.07
TG,TG 50:4,C53H94O6,1.14
TG,TG 51:1,C54H102O6,1.02
TG,TG 51:2,C54H100O6,1.03
TG,TG 51:7,C54H90O6,1.09
TG,TG 52:1,C55H104O6,1.08
TG,TG 52:2,C55H102O6,1.05
TG,TG 52:3,C55H100O6,1.07
TG,TG 52:4,C55H98O6,1.1
TG,TG 52:5,C55H96O6,1.13
TG,TG 54:2,C57H106O6,1.08
TG,TG 54:3,C57H104O6,1.11
TG,TG 54:4,C57H102O6,1.31
TG,TG 54:5,C57H100O6,1.05
TG,TG 54:6,C57H98O6,1.11
TG,TG 54:8,C57H94O6,1.59
TG,TG 56:10,C59H94O6,1.87
TG,TG 56:3,C59H108O6,1.14
TG,TG 56:4,C59H106O6,1.22
TG,TG 56:5,C59H104O6,1.28
TG,TG 56:6,C59H102O6,1.55
TG,TG 56:7,C59H100O6,1.62
TG,TG 56:8,C59H98O6,1.73
TG,TG 56:9,C59H96O6,1.82
TG,TG 58:10,C61H98O6,2
TG,TG 58:11,C61H96O6,2.03
TG,TG 58:5,C61H108O6,1.63
TG,TG 58:7,C61H104O6,1.92
TG,TG 58:8,C61H102O6,1.95
TG,TG 58:9,C61H100O6,1.98
TG,TG 59:11,C62H98O6,2
TG,TG 60:10,C63H102O6,2.04
TG,TG 60:11,C63H100O6,2.06
TG,TG 60:12,C63H98O6,1.96
TG,TG 60:13,C63H96O6,2
TG,TG 60:7,C63H108O6,1.97
TG,TG 60:8,C63H106O6,2
TG,TG 60:9,C63H104O6,2.03
TG,TG(17:0/17:1/17:0)D5,C54H97D5O6,1
Cl,CL d5-18:2,C81H137D5O17P2,6.82
DG,"(1,2) DG 24:0",C27H52O5,2.42
DG,"(1,2) DG 30:0",C33H64O5,2.78
DG,"(1,2) DG 30:1",C33H62O5,2.47
DG,"(1,2) DG 32:0",C35H68O5,2.47
DG,"(1,2) DG 34:0",C37H72O5,2.46
DG,"(1,2) DG 34:1",C37H70O5,2.59
DG,"(1,2) DG 34:2",C37H68O5,2.61
DG,"(1,2) DG 34:3",C37H66O5,2.63
DG,"(1,2) DG 36:0",C39H76O5,2.58
DG,"(1,2) DG 36:1",C39H74O5,2.64
DG,"(1,2) DG 36:2",C39H72O5,2.64
DG,"(1,2) DG 36:3",C39H70O5,2.64
DG,"(1,2) DG 36:4",C39H68O5,2.66
DG,"(1,2) DG 36:5",C39H66O5,2.48
DG,"(1,2) DG 38:0",C41H80O5,2.64
DG,"(1,2) DG 38:1",C41H78O5,2.64
DG,"(1,2) DG 38:2",C41H76O5,2.64
DG,"(1,2) DG 38:3",C41H74O5,2.64
DG,"(1,2) DG 38:4",C41H72O5,2.46
DG,"(1,2) DG 38:5",C41H70O5,2.5
DG,"(1,2) DG 38:6",C41H68O5,2.66
DG,"(1,2) DG 40:4",C43H76O5,2.54
DG,"(1,2) DG 40:5",C43H74O5,2.74
DG,"(1,2) DG 40:6",C43H72O5,2.76
DG,"(1,2) DG 40:7",C43H70O5,2.7
DG,"(1,2) DG 40:8",C43H68O5,2.72
DG,"(1,2) DG 40:9",C43H66O5,2.74
DG,"(1,2) DG 42:10",C45H68O5,2.76
DG,"(1,2) DG 42:6",C45H76O5,2.79
DG,"(1,2) DG 42:7",C45H74O5,2.73
DG,"(1,2) DG 42:8",C45H72O5,2.74
DG,"(1,2) DG 42:9",C45H70O5,2.76
DG,"(1,3) DG 24:0",C27H52O5,2.24
DG,"(1,3) DG 30:0",C33H64O5,2.4
DG,"(1,3) DG 30:1",C33H62O5,2.42
DG,"(1,3) DG 32:0",C35H68O5,2.2
DG,"(1,3) DG 34:0",C37H72O5,2.24
DG,"(1,3) DG 34:1",C37H70O5,2.43
DG,"(1,3) DG 34:2",C37H68O5,2.46
DG,"(1,3) DG 34:3",C37H66O5,2.48
DG,"(1,3) DG 36:0",C39H76O5,2.57
DG,"(1,3) DG 36:1",C39H74O5,2.52
DG,"(1,3) DG 36:2",C39H72O5,2.48
DG,"(1,3) DG 36:3",C39H70O5,2.5
DG,"(1,3) DG 36:4",C39H68O5,2.51
DG,"(1,3) DG 36:5",C39H66O5,2.42
DG,"(1,3) DG 38:0",C41H80O5,2.49
DG,"(1,3) DG 38:1",C41H78O5,2.47
DG,"(1,3) DG 38:2",C41H76O5,2.5
DG,"(1,3) DG 38:3",C41H74O5,2.54
DG,"(1,3) DG 38:4",C41H72O5,2.42
DG,"(1,3) DG 38:5",C41H70O5,2.62
DG,"(1,3) DG 38:6",C41H68O5,2.64
DG,"(1,3) DG 40:4",C43H76O5,2.58
DG,"(1,3) DG 40:5",C43H74O5,2.6
DG,"(1,3) DG 40:6",C43H72O5,2.62
DG,"(1,3) DG 40:7",C43H70O5,2.64
DG,"(1,3) DG 40:8",C43H68O5,2.67
DG,"(1,3) DG 40:9",C43H66O5,2.61
DG,"(1,3) DG 42:10",C45H68O5,2.61
DG,"(1,3) DG 42:6",C45H76O6,2.62
DG,"(1,3) DG 42:7",C45H74O6,2.64
DG,"(1,3) DG 42:8",C45H72O6,2.64
DG,"(1,3) DG 42:9",C45H70O6,2.66
